Product Name, Price
Enuff Classic Skateboard Deck - Black, £22.95
Enuff Classic Skateboard Deck - Natural, £22.95
Enuff Classic Skateboard Deck - Green, £22.95
Enuff Classic Skateboard Deck - Red, £22.95
Enuff Classic Skateboard Deck - Blue, £22.95
Fracture Uni Skateboard Deck - Black 8", £24.95
Fracture Uni Skateboard Deck - Blue 7.75", £24.95
Fracture Uni Skateboard Deck - Green 7.75", £24.95
Fracture Uni Skateboard Deck - Red 8", £24.95
Fracture Comic 4 Skateboard Deck, £24.95
Fracture Comic 4 Skateboard Deck, £24.95
Fracture Comic 4 Skateboard Deck, £24.95
Fracture Comic 4 Skateboard Deck, £24.95
Mini Logo Small Bomb Skateboard Deck - Fireworks, £29.95
Enuff Classic Fade Skateboard Deck - Blue/Pink, £29.95
Sushi Pagoda Foil Skateboard Deck - Silver 8", £29.95
Enuff Tritone Skateboard Deck - Blue 8", £29.95
Enuff Tritone Skateboard Deck - Blue 8.25", £29.95
